{"category_movement": "Movement", "category_world": "World", "category_render": "Render", "category_chat": "Command", "category_combat": "Combat", "category_shortcuts": "Shortcuts", "text_name": "Name", "text_command": "Command", "text_mode": "Mode", "text_position": "Position", "text_size": "Size", "text_server_bypass": "Server Mode", "text_distance": "Distance", "s_combat_killaura": "Kill-Aura", "s_combat_killaura_attack_mobs": "Attack Mobs", "s_combat_killaura_attack_player": "Attack Players", "s_combat_killaura_interval": "Interval", "s_combat_anti_knockback": "Anti-Knockback", "s_combat_auto_bow": "Auto-Bow", "s_combat_hitbox_expand": "Hitbox Expand", "s_combat_hitbox_expand_mob": "Mob Multiplier", "s_combat_hitbox_expand_player": "Player Multiplier", "s_combat_tp_to_player": "Teleport to Player", "s_combat_switcher": "Switcher", "s_combat_switcher_slot_count": "Slot Count", "s_combat_auto_armor": "Auto-Armor", "s_movement_flying": "Flying", "s_movement_no_clip": "No-clip", "s_movement_phase": "Phase", "s_movement_air_jump": "Air Jump", "s_movement_high_jump": "High Jump", "s_movement_high_jump_height": "Height", "s_movement_speed": "Speed", "s_movement_speed_multiplier": "Multiplier", "s_movement_auto_sprint": "Auto-Sprint", "s_movement_no_slowdown": "No Bow Slowdown", "s_movement_slow_falling": "Slow Falling", "s_movement_blink": "Blink", "s_movement_tap_teleport": "Tap Teleport", "s_movement_vanilla_fly_bypass": "Elytra Fly", "s_movement_jesus": "Walk on Water", "s_movement_no_fall": "No Fall Damage", "s_render_xray": "X-Ray", "s_render_xray_chest_esp": "ChestESP", "s_render_xray_player_esp": "PlayerESP", "s_render_xray_block_tracker": "Block Tracker", "s_render_xray_block_tracker_air": "Track air", "s_render_outline_renderer": "Entity Outlines", "s_render_freecam": "Free-Cam", "s_render_fullbright": "Fullbright", "s_render_armor_hud": "Armor Hud", "s_render_hp_bars": "HP Bars", "s_render_minimap": "Minimap", "s_render_minimap_radius": "Radius", "s_render_minimap_show_players": "Show Players", "s_render_text_truncate": "Text Truncate", "s_render_zoom": "Zoom", "s_world_bridge_builder": "Bridge Builder", "s_world_chest_stealer": "Chest Stealer", "s_world_fast_destroy": "Nuke", "s_world_fast_destroy_range": "Range", "s_world_haste_effect": "Haste", "s_world_force_achievements": "Force Achievements", "s_world_rapid_build": "Rapid Build", "s_world_rapid_build_command_mode": "Command mode", "s_world_give_item": "Give item", "s_world_enchant": "Enchant", "s_world_spawn_exp": "Spawn Experience Orb", "s_world_pick_distance": "Reach", "s_world_far_bypass": "Reach Fix (Online)", "s_world_name_override": "Name Override"}
